City_ID,City,Cloudiness,Country,Date,Humidity,Lat,Lng,Max Temp,Wind Speed
0,Dabrowa Tarnowska,100,PL,2021-03-23 02:46:07,70,50.1746,20.9863,34.0,7.94
1,Bethel,1,US,2021-03-23 02:42:33,53,41.3712,-73.414,46.4,3.44
2,Bredasdorp,11,ZA,2021-03-23 02:46:08,72,-34.5322,20.0403,66.2,13.8
3,Clyde River,20,CA,2021-03-23 02:46:08,69,70.4692,-68.5914,-22.0,16.11
4,Olafsvik,100,IS,2021-03-23 02:46:08,67,64.8945,-23.7142,36.12,27.51
5,Arauca,70,CO,2021-03-23 02:46:09,62,7.0847,-70.7591,79.05,2.04
6,Codrington,98,AU,2021-03-23 02:46:09,76,-38.2667,141.9667,68.04,6.91
7,Punta Arenas,75,CL,2021-03-23 02:46:09,71,-53.15,-70.9167,50.0,4.61
8,Norman Wells,20,CA,2021-03-23 02:46:10,65,65.282,-126.8329,-2.2,8.05
9,Rikitea,8,PF,2021-03-23 02:46:10,73,-23.1203,-134.9692,80.11,11.52
10,Nikolskoye,0,RU,2021-03-23 02:46:11,79,59.7035,30.7861,19.4,4.47
11,Yellowknife,20,CA,2021-03-23 02:45:02,54,62.456,-114.3525,-5.01,8.05
12,Rojhan,0,PK,2021-03-23 02:46:11,65,28.6868,69.9534,64.78,7.81
13,Diego De Almagro,0,CL,2021-03-23 02:46:11,49,-26.3667,-70.05,63.14,0.49
14,Hilo,90,US,2021-03-23 02:41:28,83,19.7297,-155.09,71.6,5.75
15,Grindavik,40,IS,2021-03-23 02:46:12,80,63.8424,-22.4338,33.8,25.32
16,Nioki,99,CD,2021-03-23 02:46:12,98,-2.7167,17.6833,69.51,0.96
17,Saldanha,0,ZA,2021-03-23 02:46:13,52,-33.0117,17.9442,69.8,3.44
18,Cabo San Lucas,40,MX,2021-03-23 02:46:13,60,22.8909,-109.9124,69.01,6.91
19,Fairbanks,1,US,2021-03-23 02:46:13,36,64.8378,-147.7164,24.8,6.91
20,Sokolo,59,ML,2021-03-23 02:46:14,15,14.7328,-6.1219,83.26,11.3
21,Raga,100,SS,2021-03-23 02:46:14,69,8.4596,25.678,74.98,4.74
22,Mahibadhoo,97,MV,2021-03-23 02:46:14,71,3.7833,72.9667,82.74,3.47
23,Verkhnyaya Inta,100,RU,2021-03-23 02:46:15,95,65.9811,60.3094,22.69,7.92
24,Touros,20,BR,2021-03-23 02:46:15,94,-5.1989,-35.4608,77.0,3.44
25,Ipueiras,90,BR,2021-03-23 02:43:19,83,-7.0333,-40.45,68.95,3.74
26,Mahebourg,40,MU,2021-03-23 02:46:16,94,-20.4081,57.7,75.2,5.75
27,Egvekinot,83,RU,2021-03-23 02:46:16,97,66.3167,-179.1667,-10.34,3.56
28,Vaini,75,TO,2021-03-23 02:46:17,83,-21.2,-175.2,80.6,6.91
29,Chokurdakh,90,RU,2021-03-23 02:46:17,89,70.6333,147.9167,-8.9,9.64
30,Araouane,9,ML,2021-03-23 02:46:17,15,18.9048,-3.5265,68.11,11.3
31,Qui Nhon,37,VN,2021-03-23 02:46:18,81,13.7667,109.2333,77.92,19.55
32,Ilulissat,75,GL,2021-03-23 02:46:18,71,69.2167,-51.1,-0.4,11.5
33,Atuona,3,PF,2021-03-23 02:46:19,77,-9.8,-139.0333,80.62,18.37
34,Hobart,40,AU,2021-03-23 02:46:19,46,-42.8794,147.3294,75.2,13.8
35,Kodiak,90,US,2021-03-23 02:46:19,80,57.79,-152.4072,33.8,6.91
36,Tuktoyaktuk,1,CA,2021-03-23 02:46:20,84,69.4541,-133.0374,-9.4,14.97
37,Petropavlovsk-Kamchatskiy,75,RU,2021-03-23 02:44:33,74,53.0452,158.6483,32.0,13.42
38,Pisco,0,PE,2021-03-23 02:46:20,78,-13.7,-76.2167,69.8,13.8
39,Ushuaia,20,AR,2021-03-23 02:45:18,66,-54.8,-68.3,50.0,4.61
40,Thompson,75,CA,2021-03-23 02:46:21,44,55.7435,-97.8558,14.0,10.36
41,Tuy Hoa,78,VN,2021-03-23 02:46:21,83,13.0833,109.3,78.22,17.69
42,Avarua,61,CK,2021-03-23 02:46:21,78,-21.2078,-159.775,82.4,6.69
43,Barrow,90,US,2021-03-23 02:46:22,64,71.2906,-156.7887,-7.6,5.75
44,Tiksi,100,RU,2021-03-23 02:46:22,96,71.6872,128.8694,-16.04,6.98
45,Sobreira,12,PT,2021-03-23 02:46:23,80,41.5237,-7.8023,42.01,1.01
46,Hermanus,1,ZA,2021-03-23 02:46:23,77,-34.4187,19.2345,66.0,11.01
47,Ribeira Grande,40,PT,2021-03-23 02:46:24,62,38.5167,-28.7,57.2,18.41
48,Kruisfontein,0,ZA,2021-03-23 02:46:24,93,-34.0033,24.7314,55.99,1.01
49,Hithadhoo,7,MV,2021-03-23 02:46:24,69,-0.6,73.0833,83.35,7.76
50,Khatanga,88,RU,2021-03-23 02:46:25,80,71.9667,102.5,-12.26,5.73
51,Qaanaaq,62,GL,2021-03-23 02:46:25,68,77.484,-69.3632,-17.88,6.58
52,Albany,0,US,2021-03-23 02:42:01,40,42.6001,-73.9662,50.0,3.31
53,Lebu,39,CL,2021-03-23 02:46:26,90,-37.6167,-73.65,55.02,10.42
54,Saint George,1,US,2021-03-23 02:45:52,21,37.1041,-113.5841,57.2,8.05
55,Batagay-Alyta,100,RU,2021-03-23 02:46:26,89,67.8006,130.4114,-4.14,5.93
56,Torbay,20,CA,2021-03-23 02:43:14,52,47.6666,-52.7314,39.2,19.57
57,Sabang,100,ID,2021-03-23 02:46:27,70,5.8933,95.3214,84.07,15.88
58,Vardo,100,NO,2021-03-23 02:46:27,90,70.3705,31.1107,30.24,29.44
59,Red Deer,90,CA,2021-03-23 02:42:34,80,52.2668,-113.802,30.2,17.27
60,Ostrovnoy,90,RU,2021-03-23 02:46:28,90,68.0531,39.5131,11.62,12.57
61,Port Lincoln,1,AU,2021-03-23 02:46:28,56,-34.7333,135.8667,72.43,11.14
62,Busselton,53,AU,2021-03-23 02:46:29,61,-33.65,115.3333,62.01,1.01
63,Seymchan,100,RU,2021-03-23 02:46:29,83,62.8833,152.4333,7.43,19.71
64,San Quintin,0,MX,2021-03-23 02:46:10,81,30.4833,-115.95,56.28,14.23
65,Aljezur,1,PT,2021-03-23 02:46:30,78,37.3191,-8.8033,50.74,4.45
66,Port Hardy,40,CA,2021-03-23 02:46:30,76,50.6996,-127.4199,44.6,9.22
67,Coquimbo,0,CL,2021-03-23 02:43:16,94,-29.9533,-71.3436,59.0,1.14
68,Cockburn Town,2,TC,2021-03-23 02:46:31,75,21.4612,-71.1419,77.54,13.4
69,Saint-Philippe,0,RE,2021-03-23 02:46:31,73,-21.3585,55.7679,78.8,5.75
70,Arraial Do Cabo,31,BR,2021-03-23 02:46:31,84,-22.9661,-42.0278,76.28,5.7
71,Ormara,0,PK,2021-03-23 02:46:32,72,25.2088,64.6357,74.66,5.84
72,Luganville,20,VU,2021-03-23 02:46:32,77,-15.5333,167.1667,81.66,1.36
73,Kapaa,1,US,2021-03-23 02:46:32,69,22.0752,-159.319,75.2,9.22
74,Georgetown,20,MY,2021-03-23 02:44:16,58,5.4112,100.3354,87.8,6.91
75,Bambous Virieux,40,MU,2021-03-23 02:46:33,94,-20.3428,57.7575,77.0,5.75
76,Prado,0,BR,2021-03-23 02:46:33,85,-17.3411,-39.2208,75.47,4.32
77,Tuburan,20,PH,2021-03-23 02:46:34,62,6.6439,122.2736,89.6,8.05
78,Firozpur Jhirka,31,IN,2021-03-23 02:46:34,25,27.8,76.95,82.89,4.74
79,Mataura,79,NZ,2021-03-23 02:46:34,92,-46.1927,168.8643,57.0,4.0
80,Fujin,100,CN,2021-03-23 02:46:35,48,47.26,132.0322,42.15,14.2
81,Launceston,75,AU,2021-03-23 02:43:19,46,-41.45,147.1667,73.99,16.11
82,Salalah,0,OM,2021-03-23 02:46:35,46,17.0151,54.0924,73.4,3.44
83,Poum,66,NC,2021-03-23 02:46:36,68,-20.2333,164.0167,80.29,13.42
84,Nadym,98,RU,2021-03-23 02:43:05,94,65.5333,72.5167,16.21,12.1
85,Saint-Pierre,0,RE,2021-03-23 02:46:36,73,-21.3393,55.4781,78.8,5.75
86,Sokoni,79,TZ,2021-03-23 02:46:36,73,-6.4333,39.55,83.1,6.06
87,Candido De Abreu,97,BR,2021-03-23 02:46:37,97,-24.5669,-51.3333,67.98,1.61
88,Azul,76,AR,2021-03-23 02:46:37,72,-36.777,-59.8585,55.54,1.23
89,Kimbe,53,PG,2021-03-23 02:46:38,62,-5.5502,150.1429,88.47,5.99
90,Jamestown,1,US,2021-03-23 02:46:38,17,42.097,-79.2353,53.6,6.29
91,Inirida,43,CO,2021-03-23 02:46:38,96,3.8653,-67.9239,70.92,0.74
92,Aktash,59,RU,2021-03-23 02:46:39,66,50.3,87.7333,19.24,5.48
93,Salinopolis,100,BR,2021-03-23 02:46:39,89,-0.6136,-47.3561,74.82,3.89
94,Chulym,95,RU,2021-03-23 02:46:40,96,55.0997,80.9572,19.06,7.47
95,Pevek,50,RU,2021-03-23 02:46:40,92,69.7008,170.3133,-11.04,1.21
96,Chuy,94,UY,2021-03-23 02:46:40,72,-33.6971,-53.4616,66.96,5.17
97,Faya,0,SA,2021-03-23 02:46:41,76,18.3851,42.4509,59.0,3.74
98,Tual,92,ID,2021-03-23 02:46:41,68,-5.6667,132.75,84.16,2.17
99,Changji,65,CN,2021-03-23 02:46:42,65,44.0167,87.3167,39.2,6.71
100,New Norfolk,31,AU,2021-03-23 02:46:42,39,-42.7826,147.0587,75.0,4.0
101,Maumere,100,ID,2021-03-23 02:46:42,78,-8.6199,122.2111,83.01,3.38
102,Port Alfred,31,ZA,2021-03-23 02:46:43,83,-33.5906,26.891,63.45,7.2
103,Dunedin,7,NZ,2021-03-23 02:44:25,82,-45.8742,170.5036,60.01,5.73
104,Atambua,100,ID,2021-03-23 02:46:43,71,-9.1061,124.8925,82.29,3.87
105,Cape Town,0,ZA,2021-03-23 02:46:44,68,-33.9258,18.4232,66.99,13.8
106,Khani,90,GE,2021-03-23 02:46:44,87,41.9563,42.9566,46.4,24.16
107,Ayan,2,RU,2021-03-23 02:46:45,50,56.45,138.1667,3.79,18.95
108,Bonavista,8,CA,2021-03-23 02:46:45,52,48.6499,-53.1147,39.2,9.22
109,Tacoronte,0,ES,2021-03-23 02:46:45,76,28.4769,-16.4102,60.01,10.36
110,Mancio Lima,100,BR,2021-03-23 02:46:46,91,-7.6142,-72.8958,72.59,2.57
111,Coihaique,75,CL,2021-03-23 02:46:46,76,-45.5752,-72.0662,53.6,3.44
112,Sainte-Maxime,0,FR,2021-03-23 02:46:46,80,43.3,6.6333,42.01,2.42
113,Tucupita,34,VE,2021-03-23 02:46:47,89,9.0622,-62.051,74.23,5.68
114,Sawakin,2,SD,2021-03-23 02:46:47,76,19.1059,37.3321,76.17,4.68
115,Dong Xoai,86,VN,2021-03-23 02:44:24,35,11.5333,106.9167,93.11,8.86
116,Davila,40,PH,2021-03-23 02:46:47,45,18.4726,120.5763,89.6,6.91
117,Bluff,90,NZ,2021-03-23 02:46:48,92,-46.6,168.3333,57.0,4.0
118,Tasiilaq,75,GL,2021-03-23 02:46:48,73,65.6145,-37.6368,19.4,3.44
119,Vostok,49,RU,2021-03-23 02:46:49,79,46.4856,135.8833,32.45,8.95
120,Shatrovo,17,RU,2021-03-23 02:46:49,92,56.5167,64.6333,11.26,7.25
121,Mezen,96,RU,2021-03-23 02:46:50,99,65.8522,44.24,7.97,5.91
122,Novyy Yarychiv,40,UA,2021-03-23 02:46:50,100,49.9044,24.3052,28.4,4.47
123,Fernandez,89,AR,2021-03-23 02:46:50,77,-27.9204,-63.8935,64.67,4.97
124,Makokou,100,GA,2021-03-23 02:46:51,98,0.5738,12.8642,69.48,1.5
125,Butte,90,US,2021-03-23 02:46:51,51,39.6499,-121.5677,60.8,6.91
126,Manzhouli,19,CN,2021-03-23 02:46:52,47,49.6,117.4333,39.04,17.38
127,Dikson,92,RU,2021-03-23 02:46:52,85,73.5069,80.5464,-20.78,3.2
128,Maubin,40,MM,2021-03-23 02:46:52,74,16.7333,95.65,86.0,3.44
129,Chirongui,0,YT,2021-03-23 02:46:53,89,-12.9319,45.1483,78.8,2.3
130,Saskylakh,38,RU,2021-03-23 02:46:53,94,71.9167,114.0833,-25.1,5.59
131,Port Macquarie,90,AU,2021-03-23 02:46:53,100,-31.4333,152.9167,69.8,12.66
132,Pangai,20,TO,2021-03-23 02:46:54,74,-19.8,-174.35,86.0,4.61
133,Concepcion De Buenos Aires,1,MX,2021-03-23 02:46:54,13,19.9667,-103.2667,75.2,21.85
134,Severo-Kurilsk,51,RU,2021-03-23 02:46:54,74,50.6789,156.125,30.9,25.61
135,Ancud,20,CL,2021-03-23 02:44:21,93,-41.8697,-73.8203,52.0,3.44
136,Katsuura,20,JP,2021-03-23 02:46:55,47,35.1333,140.3,57.0,6.91
137,Kautokeino,100,NO,2021-03-23 02:46:55,81,69.0125,23.0412,28.89,17.18
138,Richards Bay,80,ZA,2021-03-23 02:46:56,87,-28.783,32.0377,65.43,6.51
139,Matamoros,40,MX,2021-03-23 02:46:56,10,25.5333,-103.25,86.0,25.32
140,Machali,0,CL,2021-03-23 02:46:57,37,-34.1833,-70.6667,64.98,1.63
141,Bela Vista,100,BR,2021-03-23 02:46:57,97,-22.1089,-56.5211,70.77,3.49
142,Rio Pomba,0,BR,2021-03-23 02:46:58,86,-21.2747,-43.1792,68.0,2.48
143,Margate,42,GB,2021-03-23 02:44:58,85,51.3813,1.3862,39.99,1.99
144,Charters Towers,93,AU,2021-03-23 02:46:58,41,-20.1,146.2667,90.82,3.78
145,Yuxia,0,CN,2021-03-23 02:46:59,43,34.0615,108.6291,53.6,4.47
146,Provideniya,0,RU,2021-03-23 02:46:59,61,64.3833,-173.3,6.8,4.47
147,Kamyshlov,42,RU,2021-03-23 02:46:59,92,56.8428,62.7111,14.54,8.88
148,Juazeiro,99,BR,2021-03-23 02:47:00,70,-9.4117,-40.4986,76.55,15.68
149,Rorvik,100,NO,2021-03-23 02:47:00,94,64.8621,11.2373,42.55,31.52
150,Nogliki,34,RU,2021-03-23 02:47:00,69,51.8333,143.1667,31.32,14.58
151,Carnarvon,0,AU,2021-03-23 02:47:01,57,-24.8667,113.6333,80.6,25.32
152,La Asuncion,84,VE,2021-03-23 02:44:59,87,11.0333,-63.8628,76.14,14.47
153,Naberera,28,TZ,2021-03-23 02:47:02,96,-4.2,36.9333,60.13,3.2
154,Aklavik,12,CA,2021-03-23 02:47:02,51,68.2191,-135.0107,3.2,5.75
155,Barstow,1,US,2021-03-23 02:47:02,19,34.8986,-117.0228,66.2,27.63
156,Arlit,78,NE,2021-03-23 02:47:03,10,18.7369,7.3853,75.99,11.88
157,Senador Jose Porfirio,100,BR,2021-03-23 02:47:03,94,-2.5908,-51.9542,73.36,3.11
158,Sakaiminato,20,JP,2021-03-23 02:47:03,50,35.55,133.2333,57.2,8.05
159,Airai,99,TL,2021-03-23 02:47:04,70,-8.9266,125.4092,72.23,1.79
160,Pasco,98,US,2021-03-23 02:42:38,92,28.292,-82.4165,64.0,1.01
161,Castro,99,BR,2021-03-23 02:47:04,91,-24.7911,-50.0119,63.9,2.84
162,Aras,0,ES,2021-03-23 02:47:05,87,42.5617,-2.356,42.01,11.5
163,Tiznit,0,MA,2021-03-23 02:47:05,24,29.5833,-9.5,58.6,6.64
164,Hasaki,20,JP,2021-03-23 02:47:05,33,35.7333,140.8333,59.0,6.91
165,Foumban,96,CM,2021-03-23 02:47:06,89,5.7291,10.9001,65.71,2.26
166,Isangel,75,VU,2021-03-23 02:47:06,65,-19.55,169.2667,84.2,11.5
167,Kroya,99,ID,2021-03-23 02:47:06,73,-7.6331,109.2461,81.73,3.85
168,Huilong,0,CN,2021-03-23 02:47:07,47,31.8111,121.655,63.0,8.01
169,Chabahar,0,IR,2021-03-23 02:47:07,45,25.2919,60.643,76.37,4.76
170,Emerald,75,AU,2021-03-23 02:47:08,70,-23.5333,148.1667,84.2,8.05
171,Upernavik,100,GL,2021-03-23 02:47:08,96,72.7868,-56.1549,-9.99,7.56
172,East London,18,ZA,2021-03-23 02:47:08,79,-33.0153,27.9116,64.74,7.18
173,Beausejour,89,CA,2021-03-23 02:47:09,41,50.0622,-96.5167,39.2,2.3
174,Wanaka,8,NZ,2021-03-23 02:47:09,48,-44.7,169.15,72.25,2.59
175,Lavrentiya,3,RU,2021-03-23 02:47:10,83,65.5833,-171.0,1.85,4.54
176,Oranjestad,20,AW,2021-03-23 02:47:10,74,12.524,-70.027,80.6,18.41
177,Metkovic,20,HR,2021-03-23 02:47:10,42,43.0542,17.6483,41.0,28.77
178,Brandon,90,US,2021-03-23 02:43:38,94,27.9378,-82.2859,64.4,6.24
179,Hilliard,1,US,2021-03-23 02:47:11,24,40.0334,-83.1582,57.2,6.91
180,Phuthaditjhaba,37,ZA,2021-03-23 02:47:11,84,-28.5242,28.8158,49.64,2.59
181,Gamba,100,GA,2021-03-23 02:47:12,90,-2.65,10.0,75.24,3.38
182,Nalut,0,LY,2021-03-23 02:47:12,41,30.3333,10.85,47.16,8.41
183,Kaitangata,20,NZ,2021-03-23 02:47:12,84,-46.2817,169.8464,60.01,7.0
184,Senneterre,90,CA,2021-03-23 02:47:13,32,48.3835,-77.2328,51.8,8.05
185,Kletskaya,100,RU,2021-03-23 02:47:13,85,49.3145,43.0584,34.0,10.42
186,Shache,16,CN,2021-03-23 02:47:13,33,38.4167,77.2406,49.96,1.52
187,Lishui,8,CN,2021-03-23 02:43:05,51,28.4604,119.9103,61.27,3.58
188,Thinadhoo,39,MV,2021-03-23 02:43:00,67,0.5333,72.9333,82.96,5.86
189,Puerto Ayora,25,EC,2021-03-23 02:47:14,90,-0.7393,-90.3518,78.01,1.99
190,Acapulco,1,MX,2021-03-23 02:43:26,65,16.8634,-99.8901,80.6,8.05
191,Havre-Saint-Pierre,1,CA,2021-03-23 02:47:15,69,50.2334,-63.5986,35.6,8.05
192,Lompoc,90,US,2021-03-23 02:47:15,76,34.6391,-120.4579,53.6,11.5
193,Makakilo City,40,US,2021-03-23 02:47:15,57,21.3469,-158.0858,80.6,12.66
194,Sterling,1,US,2021-03-23 02:45:23,53,39.0062,-77.4286,48.99,3.44
195,Jhudo,0,PK,2021-03-23 02:47:16,52,24.964,69.2968,76.95,12.12
196,Klaksvik,75,FO,2021-03-23 02:47:16,93,62.2266,-6.589,41.0,5.75
197,Butaritari,98,KI,2021-03-23 02:47:16,80,3.0707,172.7902,81.25,19.01
198,Seoul,0,KR,2021-03-23 02:43:45,54,37.5683,126.9778,53.6,9.22
199,Chingirlau,97,KZ,2021-03-23 02:47:17,95,51.095,54.0814,17.69,7.45
200,Buala,63,SB,2021-03-23 02:47:18,71,-8.145,159.5921,85.15,6.44
201,Portland,33,US,2021-03-23 02:44:49,64,45.5234,-122.6762,46.99,5.01
202,Tucuman,90,AR,2021-03-23 02:47:18,94,-26.8241,-65.2226,66.2,2.24
203,Komsomolskiy,100,UZ,2021-03-23 02:47:18,71,40.4272,71.7189,48.2,6.91
204,Skibbereen,75,IE,2021-03-23 02:47:19,76,51.55,-9.2667,46.4,10.36
205,Stornoway,90,GB,2021-03-23 02:47:19,87,58.2093,-6.3865,48.2,29.93
206,San Juan,0,AR,2021-03-23 02:47:20,46,-31.5375,-68.5364,68.27,1.81
207,Kalabo,10,ZM,2021-03-23 02:47:20,88,-14.97,22.6814,65.43,5.12
208,Nioro,76,GM,2021-03-23 02:47:20,36,13.35,-15.75,72.63,9.31
209,Inverell,100,AU,2021-03-23 02:47:21,100,-29.7833,151.1167,68.0,3.0
210,Pacific Grove,46,US,2021-03-23 02:47:21,89,36.6177,-121.9166,53.01,8.99
211,Bowen,75,AU,2021-03-23 02:47:21,83,-20.0167,148.2333,82.4,6.91
212,Liverpool,90,GB,2021-03-23 02:42:31,71,53.4106,-2.9779,48.2,6.91
213,Moron,53,AR,2021-03-23 02:46:24,81,-34.6534,-58.6198,68.0,0.34
214,Mar Del Plata,99,AR,2021-03-23 02:47:22,88,-38.0023,-57.5575,66.0,10.31
215,Half Moon Bay,90,US,2021-03-23 02:45:50,87,37.4636,-122.4286,55.4,12.66
216,Horta,40,PT,2021-03-23 02:47:23,62,38.5333,-28.6333,57.2,18.41
217,Srednekolymsk,100,RU,2021-03-23 02:47:23,92,67.45,153.6833,9.12,15.26
218,Ponta Do Sol,11,PT,2021-03-23 02:47:24,57,32.6667,-17.1,55.0,5.01
219,Sao Filipe,13,CV,2021-03-23 02:47:24,72,14.8961,-24.4956,69.89,10.74
220,Great Yarmouth,100,GB,2021-03-23 02:47:25,93,52.6083,1.7305,42.01,5.75
221,Talnakh,100,RU,2021-03-23 02:47:25,93,69.4865,88.3972,5.99,10.27
222,Pandan,92,PH,2021-03-23 02:47:25,72,14.0453,124.1694,82.8,19.77
223,Traverse City,90,US,2021-03-23 02:47:26,57,44.7631,-85.6206,50.0,3.2
224,Longyearbyen,40,SJ,2021-03-23 02:47:27,67,78.2186,15.6401,17.6,26.46
225,Bengkulu,83,ID,2021-03-23 02:47:27,66,-3.8004,102.2655,83.48,1.74
226,Sitka,90,US,2021-03-23 02:47:27,81,57.0531,-135.33,39.2,5.75
227,Bolshoy Kamen,85,RU,2021-03-23 02:47:28,49,43.1225,132.3583,46.4,11.18
228,Kahului,40,US,2021-03-23 02:47:28,69,20.8947,-156.47,77.0,20.71
229,Russell,90,US,2021-03-23 02:45:03,63,32.3502,-85.1999,66.2,6.55
230,Laguna,20,US,2021-03-23 02:47:29,39,38.421,-121.4238,62.6,4.61
231,Guerrero Negro,97,MX,2021-03-23 02:47:29,81,27.9769,-114.0611,57.78,17.74
232,Karasjok,90,NO,2021-03-23 02:47:30,65,69.4719,25.5112,37.4,13.8
233,Arklow,88,IE,2021-03-23 02:47:30,87,52.7931,-6.1414,43.0,1.01
234,Hualmay,63,PE,2021-03-23 02:47:30,83,-11.0964,-77.6139,71.02,8.79
235,Malanville,85,BJ,2021-03-23 02:47:31,15,11.8685,3.3899,82.36,3.56
236,Oussouye,73,SN,2021-03-23 02:47:31,73,12.485,-16.5469,69.3,8.66
237,Lata,16,PT,2021-03-23 02:47:31,94,40.1629,-8.3327,51.01,2.35
238,Port Elizabeth,0,ZA,2021-03-23 02:47:32,94,-33.918,25.5701,55.4,3.44
239,Ixtapa,20,MX,2021-03-23 02:47:32,73,20.7,-105.2,73.4,5.75
240,Hofn,100,IS,2021-03-23 02:47:32,71,64.2539,-15.2082,37.69,19.98
241,Hameenlinna,90,FI,2021-03-23 02:47:33,74,60.996,24.4643,28.4,4.61
242,Bosaso,4,SO,2021-03-23 02:47:33,47,11.2842,49.1816,74.7,3.74
243,Mushie,100,CD,2021-03-23 02:47:34,94,-3.0167,16.9,68.79,1.59
244,Griffith,1,US,2021-03-23 02:47:34,62,41.5284,-87.4237,53.01,7.07
245,Lgov,89,RU,2021-03-23 02:47:34,90,51.6307,35.2775,24.78,7.16
246,Kuytun,97,RU,2021-03-23 02:47:35,94,54.3419,101.5036,31.17,5.53
247,Loralai,3,PK,2021-03-23 02:44:28,55,30.3705,68.598,53.01,4.56
248,Chapais,90,CA,2021-03-23 02:47:35,49,49.7834,-74.8492,48.2,9.22
249,Road Town,14,VG,2021-03-23 02:47:36,82,18.4167,-64.6167,77.0,14.0
250,Yulara,90,AU,2021-03-23 02:47:36,73,-25.2406,130.9889,73.4,6.91
251,Kulhudhuffushi,11,MV,2021-03-23 02:47:37,71,6.6221,73.07,83.21,6.2
252,Gogrial,100,SS,2021-03-23 02:47:37,63,8.5332,28.1004,79.48,4.54
253,Houma,90,US,2021-03-23 02:43:24,77,29.5958,-90.7195,66.2,11.5
254,Swan Hill,100,AU,2021-03-23 02:47:37,74,-35.3378,143.5544,66.88,10.11
255,Fort Saint James,12,CA,2021-03-23 02:47:38,92,54.4333,-124.25,28.67,2.62
256,Okhotsk,100,RU,2021-03-23 02:47:38,85,59.3833,143.3,19.94,17.72
257,Tignere,99,CM,2021-03-23 02:47:39,79,7.3667,12.65,68.05,4.74
258,Aden,3,YE,2021-03-23 02:47:39,62,12.7794,45.0367,78.55,8.32
259,General Roca,0,AR,2021-03-23 02:47:39,82,-39.0333,-67.5833,62.6,2.3
260,Huarmey,92,PE,2021-03-23 02:47:40,82,-10.0681,-78.1522,72.34,8.88
261,Tilichiki,100,RU,2021-03-23 02:47:40,96,60.4667,166.1,30.54,33.06
262,Aswan,0,EG,2021-03-23 02:47:40,29,24.0934,32.907,81.66,8.95
263,Esperance,90,AU,2021-03-23 02:47:41,63,-33.8667,121.9,62.6,13.8
264,Caravelas,0,BR,2021-03-23 02:47:41,85,-17.7125,-39.2481,74.3,3.51
265,Port Pirie,0,AU,2021-03-23 02:47:41,69,-33.1833,138.0167,75.2,11.5
266,Nishihara,75,JP,2021-03-23 02:47:42,48,26.1842,127.7558,68.0,9.22
267,Saurimo,100,AO,2021-03-23 02:47:42,96,-9.6608,20.3916,64.13,1.05
268,Souillac,40,MU,2021-03-23 02:47:43,94,-20.5167,57.5167,75.2,5.75
269,Burgeo,12,CA,2021-03-23 02:47:43,85,47.6167,-57.6152,29.19,8.14
270,Karasburg,90,NA,2021-03-23 02:47:44,46,-28.0167,18.75,72.97,8.79
271,Sault Sainte Marie,90,CA,2021-03-23 02:47:44,93,46.5168,-84.3333,39.2,4.61
272,Moa,97,CU,2021-03-23 02:47:45,88,20.6569,-74.9403,72.57,3.85
273,Kings Mountain,90,US,2021-03-23 02:47:45,51,35.2451,-81.3412,60.8,6.91
274,North Bend,75,US,2021-03-23 02:44:50,81,43.4065,-124.2243,46.99,4.61
275,Nelson Bay,90,AU,2021-03-23 02:47:46,94,-32.7167,152.15,69.8,12.66
276,San Andres,40,CO,2021-03-23 02:47:46,74,12.5847,-81.7006,80.6,6.91
277,Bilibino,100,RU,2021-03-23 02:47:46,63,68.0546,166.4372,3.54,5.17
278,Banda Aceh,97,ID,2021-03-23 02:47:47,62,5.5577,95.3222,85.57,9.57
279,Haines Junction,93,CA,2021-03-23 02:44:15,33,60.7522,-137.5108,21.2,3.44
280,Mount Gambier,90,AU,2021-03-23 02:47:47,68,-37.8333,140.7667,71.6,9.22
281,Uyovu,99,TZ,2021-03-23 02:47:47,96,-3.2833,31.5258,61.97,2.46
282,Pringsewu,69,ID,2021-03-23 02:47:48,63,-5.3582,104.9744,86.52,1.16
283,Shegaon,94,IN,2021-03-23 02:47:02,32,20.7833,76.6833,85.23,5.95
284,Drayton Valley,100,CA,2021-03-23 02:47:49,82,53.2168,-114.9854,25.0,1.99
285,Palmer,1,US,2021-03-23 02:47:49,36,42.1584,-72.3287,46.4,3.44
286,Kavaratti,100,IN,2021-03-23 02:47:50,74,10.5669,72.642,82.44,9.6
287,La Quinta,1,US,2021-03-23 02:44:11,14,33.6634,-116.31,71.6,6.91
288,Toamasina,20,MG,2021-03-23 02:47:50,94,-18.1667,49.3833,75.2,1.14
289,Victoria,99,HK,2021-03-23 02:45:53,60,22.2855,114.1577,66.99,1.99
290,Aleksandrov Gay,100,RU,2021-03-23 02:47:51,78,50.147,48.5704,28.94,8.63
291,Excelsior Springs,90,US,2021-03-23 02:47:51,58,39.3392,-94.2261,57.2,8.05
292,Thessalon,90,CA,2021-03-23 02:47:52,70,46.2501,-83.5666,42.8,2.33
293,Hanyang,14,CN,2021-03-23 02:47:52,58,32.1371,105.5126,53.17,5.3
294,San Patricio,90,US,2021-03-23 02:47:53,83,28.017,-97.5169,73.4,23.02
295,Miri,40,MY,2021-03-23 02:47:53,83,4.4148,114.0089,82.4,4.61
296,Karratha,3,AU,2021-03-23 02:47:53,41,-20.7377,116.8463,89.87,8.21
297,Tashara,97,RU,2021-03-23 02:47:54,79,55.5195,83.5094,30.0,5.99
298,Shimanovsk,11,RU,2021-03-23 02:47:54,46,52.0,127.7,22.75,13.2
299,Nemuro,20,JP,2021-03-23 02:47:54,52,43.3236,145.575,42.8,10.36
300,Hakkari,100,TR,2021-03-23 02:47:55,97,37.5833,44.1667,37.62,4.38
301,Khorramabad,98,IR,2021-03-23 02:47:55,51,33.4878,48.3558,55.76,2.64
302,Nyrob,100,RU,2021-03-23 02:47:55,96,60.733,56.7202,24.12,6.85
303,Tateyama,20,JP,2021-03-23 02:47:56,47,34.9833,139.8667,55.4,10.36
304,Berezovyy,96,RU,2021-03-23 02:47:56,65,51.6667,135.7,35.24,9.6
305,Sobolevo,94,RU,2021-03-23 02:47:56,96,54.4299,31.8996,21.11,7.11
306,Praia,0,CV,2021-03-23 02:45:18,73,14.9215,-23.5087,68.0,14.97
307,Broken Hill,0,AU,2021-03-23 02:47:57,53,-31.95,141.4333,75.2,16.11
308,Constitucion,0,CL,2021-03-23 02:47:57,81,-35.3333,-72.4167,57.78,13.38
309,Westport,1,US,2021-03-23 02:47:58,81,41.1415,-73.3579,44.6,3.44
310,Taunggyi,0,MM,2021-03-23 02:47:58,35,20.7833,97.0333,79.9,5.7
311,Savannah Bight,43,HN,2021-03-23 02:47:58,90,16.45,-85.85,77.0,1.01
312,Lazarev,40,RU,2021-03-23 02:47:59,69,52.225,141.5131,30.34,14.61
313,Cherskiy,100,RU,2021-03-23 02:47:59,59,68.75,161.3,11.77,5.21
314,Golynki,80,RU,2021-03-23 02:48:00,96,54.8696,31.3861,19.92,6.76
315,Marawi,37,PH,2021-03-23 02:48:00,77,7.9986,124.2928,82.99,4.0
316,Jacareacanga,93,BR,2021-03-23 02:48:01,98,-6.2222,-57.7528,71.98,2.35
317,Lasa,0,IT,2021-03-23 02:48:01,68,46.6166,10.7002,30.99,8.05
318,Bogorodskoye,92,RU,2021-03-23 02:48:01,97,56.55,37.8833,19.08,3.87
319,Beloha,24,MG,2021-03-23 02:48:02,95,-25.1667,45.05,73.15,4.59
320,Vysokogornyy,21,RU,2021-03-23 02:48:02,58,50.1167,139.15,31.59,14.83
321,Havelock,90,US,2021-03-23 02:43:18,94,34.8791,-76.9013,57.0,18.41
322,Chumikan,100,RU,2021-03-23 02:48:03,50,54.7183,135.315,16.03,17.27
323,San Javier,0,ES,2021-03-23 02:48:03,100,37.8063,-0.8374,48.99,5.75
324,Anshun,100,CN,2021-03-23 02:48:04,64,26.25,105.9333,46.44,1.5
325,Kindu,100,CD,2021-03-23 02:48:04,99,-2.95,25.95,68.67,1.34
326,Piacabucu,63,BR,2021-03-23 02:48:04,83,-10.4056,-36.4344,77.74,9.84
327,Leninskoye,20,KZ,2021-03-23 02:48:05,66,41.7589,69.3864,51.8,2.3
328,Bol,26,TD,2021-03-23 02:48:05,41,13.4586,14.7147,82.08,9.4
329,Plakhtiyivka,99,UA,2021-03-23 02:48:06,75,46.1006,29.7217,34.63,16.2
330,Parana,23,AR,2021-03-23 02:48:06,95,-31.732,-60.5238,64.99,5.17
331,Senno,98,RU,2021-03-23 02:48:06,100,59.5336,33.9167,11.23,1.21
332,Chapleau,100,CA,2021-03-23 02:48:07,95,47.8405,-83.4034,36.63,3.78
333,Tairua,24,NZ,2021-03-23 02:48:07,60,-37.0167,175.85,66.27,5.03
334,Rocha,100,UY,2021-03-23 02:44:26,81,-34.4833,-54.3333,62.8,0.27
335,Waipawa,100,NZ,2021-03-23 02:48:08,72,-41.4122,175.5153,63.0,10.36
336,Kieta,100,PG,2021-03-23 02:48:08,73,-6.2167,155.6333,84.99,5.68
337,Safford,1,US,2021-03-23 02:48:08,14,32.834,-109.7076,57.2,16.11
338,Sale,0,MA,2021-03-23 02:48:09,100,34.0389,-6.8166,48.99,5.64
339,Port Blair,100,IN,2021-03-23 02:48:09,64,11.6667,92.75,85.69,8.77
340,Shenjiamen,3,CN,2021-03-23 02:48:10,57,29.9576,122.298,52.39,13.76
341,Morondava,37,MG,2021-03-23 02:48:10,86,-20.2833,44.2833,76.73,5.37
342,Dongkan,0,CN,2021-03-23 02:48:10,39,33.9997,119.8308,59.0,14.0
343,Lagoa,100,PT,2021-03-23 02:48:11,74,39.05,-27.9833,55.58,21.94
344,Kloulklubed,75,PW,2021-03-23 02:48:11,79,7.0419,134.2556,84.2,12.66
345,Albury,90,AU,2021-03-23 02:44:13,100,-36.0833,146.9167,64.4,5.75
346,Khromtau,95,KZ,2021-03-23 02:48:12,93,50.2503,58.4347,18.07,4.41
347,Podor,75,MR,2021-03-23 02:48:12,34,16.6527,-14.9587,69.82,10.38
348,Aasiaat,100,GL,2021-03-23 02:48:12,94,68.7098,-52.8699,-7.01,17.76
349,Xining,0,CN,2021-03-23 02:48:13,11,36.6167,101.7667,46.17,1.99
350,Nanortalik,48,GL,2021-03-23 02:48:13,70,60.1432,-45.2371,21.72,9.6
351,Amposta,5,ES,2021-03-23 02:48:13,59,40.7131,0.581,45.0,1.99
352,Washougal,75,US,2021-03-23 02:48:14,66,45.5826,-122.3534,48.2,3.67
353,Badarpur,0,IN,2021-03-23 02:48:14,15,24.9,92.6,91.02,4.88
354,Andra,100,RU,2021-03-23 02:48:15,96,62.5147,65.8878,16.95,6.85
355,Belaya Gora,100,RU,2021-03-23 02:48:15,89,68.5333,146.4167,-2.42,12.62
356,Paulo Ramos,99,BR,2021-03-23 02:48:15,97,-4.2167,-45.1833,71.82,1.68
357,Harper,95,LR,2021-03-23 02:48:16,87,4.375,-7.7169,77.22,5.68
358,Roma,1,US,2021-03-23 02:47:22,45,43.2128,-75.4557,44.6,5.75
359,Neiafu,75,TO,2021-03-23 02:48:16,70,-18.65,-173.9833,86.0,6.91
360,Andapa,70,MG,2021-03-23 02:48:17,98,-14.65,49.65,69.3,1.19
361,Ulladulla,75,AU,2021-03-23 02:48:17,100,-35.35,150.4667,64.99,13.8
362,Little Current,89,CA,2021-03-23 02:48:17,65,45.9793,-81.9248,44.6,3.44
363,Temeni,58,GR,2021-03-23 02:48:18,87,38.2333,22.1167,48.0,1.07
364,Andover,20,GB,2021-03-23 02:48:18,93,51.2083,-1.4825,39.2,3.58
365,Lae,40,PG,2021-03-23 02:48:18,55,-6.7221,146.9847,89.6,8.05
366,Vila Franca Do Campo,40,PT,2021-03-23 02:48:19,88,37.7167,-25.4333,59.0,4.61
367,Anadyr,0,RU,2021-03-23 02:48:19,51,64.75,177.4833,6.8,6.71
368,Pauini,100,BR,2021-03-23 02:48:20,94,-7.7136,-66.9764,72.23,1.21
369,Dentsville,90,US,2021-03-23 02:48:20,52,34.064,-80.9582,66.2,5.75
370,Panguna,99,PG,2021-03-23 02:48:21,65,-6.3164,155.4848,81.57,1.86
371,Nhulunbuy,40,AU,2021-03-23 02:48:21,70,-12.2333,136.7667,87.8,8.05
372,Taoudenni,87,ML,2021-03-23 02:48:21,22,22.6783,-3.9836,63.34,12.03
373,San Jeronimo,100,PE,2021-03-23 02:48:22,85,-11.9472,-75.2829,49.95,0.85
374,Cabedelo,75,BR,2021-03-23 02:48:22,94,-6.9811,-34.8339,77.0,7.49
375,Inyonga,100,TZ,2021-03-23 02:48:22,97,-6.7167,32.0667,63.12,3.06
376,Lobito,99,AO,2021-03-23 02:48:23,79,-12.3481,13.5456,77.83,3.38
377,Vila Velha,75,BR,2021-03-23 02:48:23,83,-20.3297,-40.2925,78.8,2.3
378,Snyder,1,US,2021-03-23 02:48:24,66,32.7179,-100.9176,50.0,12.66
379,Fare,0,PF,2021-03-23 02:48:24,74,-16.7,-151.0167,83.73,15.28
380,Samarai,51,PG,2021-03-23 02:48:24,71,-10.6167,150.6667,85.01,3.78
381,Muroto,20,JP,2021-03-23 02:48:25,47,33.2833,134.15,55.4,4.61
382,Garowe,2,SO,2021-03-23 02:48:25,73,8.4054,48.4845,62.73,4.54
383,Helsingborg,76,SE,2021-03-23 02:48:25,89,56.0467,12.6944,39.99,5.99
384,Cervo,7,ES,2021-03-23 02:48:26,76,43.6702,-7.4101,48.11,5.93
385,Mareeba,96,AU,2021-03-23 02:48:26,62,-17.0,145.4333,91.0,4.61
386,Rodas,0,CU,2021-03-23 02:48:27,73,22.3408,-80.5572,68.0,5.75
387,Puerto Madryn,0,AR,2021-03-23 02:48:27,40,-42.7692,-65.0385,68.74,4.97
388,San Lorenzo,0,PY,2021-03-23 02:48:27,83,-25.3333,-57.5333,77.0,9.22
389,Berlevag,100,NO,2021-03-23 02:48:28,89,70.8578,29.0864,32.38,29.39
390,Pimentel,38,PE,2021-03-23 02:48:28,86,-6.8367,-79.9342,71.01,4.0
391,Jiaxing,0,CN,2021-03-23 02:48:28,36,30.7522,120.75,61.0,6.71
392,Mirabad,0,AF,2021-03-23 02:48:29,22,30.4362,61.8383,64.85,1.7
393,Kenora,40,CA,2021-03-23 02:43:58,44,49.8167,-94.4337,33.8,4.61
394,Aberdeen,53,GB,2021-03-23 02:45:39,93,57.1437,-2.0981,36.0,2.3
395,Marsh Harbour,0,BS,2021-03-23 02:48:30,66,26.5412,-77.0636,69.69,8.66
396,Lundazi,99,ZM,2021-03-23 02:48:30,96,-12.2929,33.1782,63.86,6.53
397,Rapid Valley,1,US,2021-03-23 02:48:30,49,44.0625,-103.1463,45.0,9.22
398,Barkhan,1,PK,2021-03-23 02:48:31,57,29.8977,69.5256,56.73,2.06
399,Bairiki,75,KI,2021-03-23 02:48:31,79,1.3292,172.9752,84.2,17.27
400,Amahai,90,ID,2021-03-23 02:48:32,60,-3.3333,128.9167,87.69,5.7
401,Bo Phloi,40,TH,2021-03-23 02:48:32,43,14.3236,99.5161,89.01,13.65
402,Sayat,0,TM,2021-03-23 02:48:32,87,38.7839,63.8803,48.2,4.61
403,Roald,90,NO,2021-03-23 02:48:33,87,62.5833,6.1333,46.4,18.41
404,Narsaq,75,GL,2021-03-23 02:48:33,53,60.9167,-46.05,15.8,5.75
405,Mpanda,87,TZ,2021-03-23 02:48:33,98,-6.3655,31.0409,63.77,4.41
406,Sao Miguel Do Araguaia,100,BR,2021-03-23 02:48:34,80,-13.275,-50.1628,72.57,1.81
407,Eureka,99,US,2021-03-23 02:48:34,81,40.8021,-124.1637,48.99,8.01
408,Saint-Georges,20,GD,2021-03-23 02:48:34,74,12.0564,-61.7485,80.6,23.02
409,Atar,0,MR,2021-03-23 02:48:35,16,20.5169,-13.0499,70.72,5.93
410,Marshall,1,US,2021-03-23 02:46:20,51,34.3834,-86.3333,62.01,8.05
411,Northam,57,GB,2021-03-23 02:48:36,87,51.0333,-4.2167,44.01,1.99
412,Bronkhorstspruit,3,ZA,2021-03-23 02:46:20,100,-25.8102,28.7425,60.01,2.3
413,Puerto Del Rosario,0,ES,2021-03-23 02:48:36,72,28.5004,-13.8627,62.6,14.97
414,Juruti,91,BR,2021-03-23 02:48:36,91,-2.1522,-56.0922,74.48,3.18
415,Kharp,100,RU,2021-03-23 02:48:37,95,66.8014,65.8081,10.17,2.82
416,Guarapari,75,BR,2021-03-23 02:48:37,83,-20.6667,-40.4975,78.8,2.3
417,San Angelo,75,US,2021-03-23 02:48:38,42,31.4638,-100.437,62.6,12.66
418,Linfen,0,CN,2021-03-23 02:48:38,23,36.0889,111.5189,57.6,4.7
419,Bathsheba,20,BB,2021-03-23 02:48:38,61,13.2167,-59.5167,77.0,18.41
420,Kadaya,11,RU,2021-03-23 02:48:39,79,50.9327,119.2911,32.14,5.73
421,Weatherford,75,US,2021-03-23 02:48:39,100,32.7593,-97.7972,57.99,11.5
422,Lagunas,16,PE,2021-03-23 02:48:39,95,-5.2269,-75.6753,71.92,2.55
423,Kavieng,99,PG,2021-03-23 02:48:40,79,-2.5744,150.7967,81.88,13.58
424,Leningradskiy,1,RU,2021-03-23 02:48:40,86,69.3833,178.4167,-6.34,5.75
425,Zilair,100,RU,2021-03-23 02:48:40,98,52.2332,57.4392,19.89,6.89
426,Limon,100,CR,2021-03-23 02:48:41,82,10.0,-83.0333,76.39,0.96
427,Katherine,40,AU,2021-03-23 02:48:41,58,-14.4667,132.2667,91.4,4.61
428,Bogovarovo,99,RU,2021-03-23 02:48:41,96,58.9785,47.0246,18.46,5.48
429,Svetlogorsk,11,BY,2021-03-23 02:48:42,75,52.6333,29.7333,25.57,6.93
430,Gisborne,39,NZ,2021-03-23 02:48:42,69,-38.6533,178.0042,64.0,5.01
431,Opunake,54,NZ,2021-03-23 02:48:42,69,-39.4556,173.8583,68.0,8.12
432,Geraldton,0,AU,2021-03-23 02:48:43,43,-28.7667,114.6,75.2,19.57
433,Namatanai,79,PG,2021-03-23 02:48:43,65,-3.6667,152.4333,86.49,6.13
434,Monteiro,94,BR,2021-03-23 02:48:44,80,-7.8894,-37.12,71.38,5.1
435,Zhangye,34,CN,2021-03-23 02:48:44,12,38.9342,100.4517,48.9,4.61
436,Lethem,53,GY,2021-03-23 02:48:44,70,3.3803,-59.7968,79.5,11.61
437,Lang Son,100,VN,2021-03-23 02:48:45,61,21.8333,106.7333,58.68,3.22
438,Yumen,82,CN,2021-03-23 02:48:45,12,40.2833,97.2,47.59,4.03
439,Brus Laguna,0,HN,2021-03-23 02:48:45,92,15.75,-84.4833,71.6,2.86
440,Tyrma,100,RU,2021-03-23 02:48:46,81,50.0833,132.1667,33.57,8.88
441,Camabatela,95,AO,2021-03-23 02:48:46,99,-8.1881,15.375,61.88,1.48
442,Camacha,75,PT,2021-03-23 02:48:47,51,33.0833,-16.3333,59.0,8.05
443,High Level,75,CA,2021-03-23 02:48:48,48,58.5169,-117.136,10.4,6.91
444,Pinotepa Nacional,5,MX,2021-03-23 02:48:48,72,16.3167,-98.0167,73.2,2.73
445,Hobyo,6,SO,2021-03-23 02:48:49,66,5.3505,48.5268,77.63,13.73
446,Mehamn,100,NO,2021-03-23 02:48:49,94,71.0357,27.8492,34.07,24.16
447,Brokopondo,100,SR,2021-03-23 02:48:49,90,4.75,-55.1667,75.02,7.76
448,Pleshanovo,100,RU,2021-03-23 02:48:50,93,52.8333,53.4833,26.17,11.1
449,Vega De Alatorre,0,MX,2021-03-23 02:48:50,75,20.0333,-96.6333,74.16,16.22
450,Zhanaozen,97,KZ,2021-03-23 02:48:51,62,43.3,52.8,36.68,15.21
451,Hemsedal,83,NO,2021-03-23 02:48:51,89,60.8629,8.5534,27.37,6.35
452,Lorengau,100,PG,2021-03-23 02:48:51,77,-2.0226,147.2712,81.09,3.67
453,Walla Walla,90,US,2021-03-23 02:48:52,57,46.0646,-118.343,46.99,12.66
454,Ust-Kuyga,100,RU,2021-03-23 02:48:52,90,70.0167,135.6,-9.47,8.41
455,Katobu,97,ID,2021-03-23 02:48:52,69,-4.9408,122.5276,86.13,1.5
456,Port-Gentil,100,GA,2021-03-23 02:48:53,74,-0.7193,8.7815,80.46,1.81
457,Nisia Floresta,75,BR,2021-03-23 02:48:53,89,-6.0911,-35.2086,78.8,2.3
458,Juneau,90,US,2021-03-23 02:48:53,86,58.3019,-134.4197,32.0,2.73
459,Husavik,0,IS,2021-03-23 02:48:54,38,66.0449,-17.3389,37.4,20.71
460,Thyolo,100,MW,2021-03-23 02:48:54,94,-16.0678,35.1405,60.69,0.6
461,Sainte-Thecle,43,CA,2021-03-23 02:48:54,64,46.8168,-72.4991,35.6,2.3
462,Kargopol,69,RU,2021-03-23 02:48:55,96,61.5071,38.9456,15.08,5.48
463,Manokwari,65,ID,2021-03-23 02:48:55,66,-0.8667,134.0833,83.41,3.31
464,Pathein,5,MM,2021-03-23 02:48:56,38,16.7833,94.7333,91.17,5.21
465,Cidreira,99,BR,2021-03-23 02:48:56,72,-30.1811,-50.2056,74.26,11.14
466,Imeni Poliny Osipenko,99,RU,2021-03-23 02:48:56,73,52.4201,136.4853,31.86,11.12
467,Lucapa,99,AO,2021-03-23 02:48:57,88,-8.4192,20.7447,65.64,0.92
468,Gelgaudiskis,22,LT,2021-03-23 02:48:57,92,55.0792,22.9758,30.49,3.6
469,Tuatapere,95,NZ,2021-03-23 02:48:57,92,-46.1333,167.6833,57.0,4.0
470,Minudasht,0,IR,2021-03-23 02:48:58,93,37.2289,55.3747,42.8,0.63
471,Vestmannaeyjar,100,IS,2021-03-23 02:48:58,51,63.4427,-20.2734,39.4,29.55
472,Jimo,0,CN,2021-03-23 02:48:58,31,36.3897,120.4622,60.8,11.18
473,Cayenne,90,GF,2021-03-23 02:48:59,94,4.9333,-52.3333,75.99,2.3
474,Ponerihouen,98,NC,2021-03-23 02:48:59,66,-21.0833,165.4,79.7,10.45
475,Okha,82,RU,2021-03-23 02:49:00,70,53.5739,142.9478,22.05,11.14
476,Dudinka,100,RU,2021-03-23 02:49:00,94,69.4058,86.1778,3.04,10.87
477,Zhigansk,67,RU,2021-03-23 02:49:00,87,66.7697,123.3711,-17.66,12.19
478,Oistins,20,BB,2021-03-23 02:49:01,61,13.0667,-59.5333,77.0,18.41
479,Robe,100,AU,2021-03-23 02:49:01,86,-37.1833,139.75,64.06,8.55
480,Soc Trang,20,VN,2021-03-23 02:49:02,70,9.6033,105.98,86.0,1.14
481,Alofi,75,NU,2021-03-23 02:49:02,79,-19.0595,-169.9187,86.0,11.5
482,Limulunga,12,ZM,2021-03-23 02:49:03,86,-15.0969,23.1376,65.39,4.61
483,Verkhoyansk,85,RU,2021-03-23 02:49:03,83,67.5447,133.385,-4.74,8.5
484,Sept-Iles,97,CA,2021-03-23 02:49:03,36,50.2001,-66.3821,46.4,10.36
485,Luderitz,50,NA,2021-03-23 02:49:04,75,-26.6481,15.1594,66.27,5.23
486,Pacifica,90,US,2021-03-23 02:48:25,87,37.6138,-122.4869,53.01,12.66
487,Dingle,92,PH,2021-03-23 02:49:04,65,10.9995,122.6711,86.07,16.55
488,Navalmoral De La Mata,11,ES,2021-03-23 02:49:04,60,39.8916,-5.5406,46.0,1.99
489,Shimoda,20,JP,2021-03-23 02:49:05,47,34.6667,138.95,55.4,10.36
490,Rio Brilhante,0,BR,2021-03-23 02:46:38,63,-21.8019,-54.5464,72.84,3.02
491,Tubigan,50,PH,2021-03-23 02:49:05,77,8.5322,124.3122,82.99,4.0
492,Wageningen,90,NL,2021-03-23 02:48:06,81,51.9667,5.6667,41.0,2.3
493,Yar-Sale,97,RU,2021-03-23 02:49:06,96,66.8333,70.8333,7.12,7.45
494,Hovd,97,MN,2021-03-23 02:49:06,23,48.0056,91.6419,37.47,3.22
495,Comodoro Rivadavia,0,AR,2021-03-23 02:49:07,43,-45.8667,-67.5,69.8,14.97
496,Chunoyar,100,RU,2021-03-23 02:49:07,91,57.4467,97.3217,29.52,4.38
497,Merauke,18,ID,2021-03-23 02:45:47,66,-8.4667,140.3333,85.35,5.79
498,Phan Thiet,67,VN,2021-03-23 02:49:08,46,10.9333,108.1,89.78,16.22
499,Mogadishu,41,SO,2021-03-23 02:49:08,77,2.0371,45.3438,79.45,15.88
500,Madang,86,PG,2021-03-23 02:49:08,64,-5.2246,145.7966,87.55,6.96
501,Sunndalsora,90,NO,2021-03-23 02:49:09,81,62.6754,8.5515,46.4,19.57
502,Staunton,1,US,2021-03-23 02:49:09,53,38.1496,-79.0717,48.2,3.44
503,Tutoia,100,BR,2021-03-23 02:49:09,86,-2.7619,-42.2744,76.06,4.68
504,Ravar,54,IR,2021-03-23 02:49:10,14,31.2656,56.8055,59.45,3.58
505,Namibe,28,AO,2021-03-23 02:49:10,80,-15.1961,12.1522,70.99,4.38
506,Muhos,90,FI,2021-03-23 02:49:11,74,64.808,25.9931,26.01,6.91
507,Cabadiangan,90,PH,2021-03-23 02:49:11,51,9.7531,122.4739,89.01,19.08
508,Shunyi,0,CN,2021-03-23 02:49:12,25,40.125,116.6453,62.6,2.24
509,Anchorage,1,US,2021-03-23 02:49:12,34,61.2181,-149.9003,28.4,4.61
510,Christchurch,8,NZ,2021-03-23 02:46:24,60,-43.5333,172.6333,69.8,11.5
511,Cuamba,97,MZ,2021-03-23 02:49:12,98,-14.8031,36.5372,67.46,1.79
512,Labuhan,100,ID,2021-03-23 02:49:13,68,-6.8844,112.2051,84.27,4.18
513,Auki,49,SB,2021-03-23 02:49:13,64,-8.7676,160.7034,86.7,3.53
514,Le Port,0,RE,2021-03-23 02:49:14,88,-20.9373,55.2919,75.2,6.91
515,Lingao,95,CN,2021-03-23 02:49:14,73,19.9103,109.6859,70.09,13.38
516,Serra,75,BR,2021-03-23 02:49:14,83,-20.1286,-40.3078,78.8,2.3
517,Dhidhdhoo,11,MV,2021-03-23 02:49:15,71,6.8833,73.1,83.35,6.04
518,Heihe,20,CN,2021-03-23 02:49:15,38,50.2441,127.4902,35.6,20.13
519,Bratsk,75,RU,2021-03-23 02:49:16,80,56.1325,101.6142,28.4,6.71
520,Nouakchott,0,MR,2021-03-23 02:49:16,64,18.0858,-15.9785,68.0,12.66
521,Chicama,87,PE,2021-03-23 02:49:16,71,-7.8447,-79.1469,74.16,7.27
522,Olinda,40,BR,2021-03-23 02:49:17,69,-8.0089,-34.8553,80.6,6.91
523,Faanui,10,PF,2021-03-23 02:49:17,73,-16.4833,-151.75,83.79,15.08
524,Corumba,1,BR,2021-03-23 02:49:17,94,-19.0092,-57.6533,72.18,3.49
525,Itoman,40,JP,2021-03-23 02:49:18,45,26.1247,127.6694,68.0,12.66
526,Nha Trang,75,VN,2021-03-23 02:47:07,78,12.25,109.1833,80.6,24.16
527,Vanimo,89,PG,2021-03-23 02:49:18,69,-2.6741,141.3028,85.41,2.95
528,Dongsheng,15,CN,2021-03-23 02:49:19,24,39.8161,109.9776,48.36,10.0
529,Ahipara,74,NZ,2021-03-23 02:49:19,62,-35.1667,173.1667,67.3,5.1
530,Carutapera,78,BR,2021-03-23 02:49:19,94,-1.195,-46.02,72.48,1.66
531,Vorukh,100,TJ,2021-03-23 02:49:20,57,39.8494,70.5838,47.07,5.06
532,Boca Do Acre,100,BR,2021-03-23 02:49:20,99,-8.7522,-67.3978,69.62,2.06
533,Kirakira,100,SB,2021-03-23 02:49:21,76,-10.4544,161.9205,83.5,5.35
534,Nipawin,1,CA,2021-03-23 02:48:56,93,53.3668,-104.0009,26.6,3.44
535,Vaitape,10,PF,2021-03-23 02:49:21,73,-16.5167,-151.75,83.77,14.99
536,Adrar,37,MR,2021-03-23 02:49:22,20,20.5022,-10.0711,67.39,11.97
537,Ulaangom,73,MN,2021-03-23 02:49:22,92,49.9811,92.0667,13.42,3.15
538,Darhan,18,MN,2021-03-23 02:49:22,69,49.4867,105.9228,32.63,1.39
539,Puri,40,IN,2021-03-23 02:49:23,83,19.8,85.85,80.6,3.44
540,Broome,1,US,2021-03-23 02:49:23,24,42.2506,-75.833,51.8,6.91
541,Vilhena,69,BR,2021-03-23 02:49:23,97,-12.7406,-60.1458,67.66,3.11
542,The Pas,1,CA,2021-03-23 02:49:24,64,53.8251,-101.2541,28.4,5.75
543,Umm Kaddadah,27,SD,2021-03-23 02:49:24,31,13.6017,26.6876,81.54,8.77
544,Fort-Shevchenko,71,KZ,2021-03-23 02:49:24,63,44.5086,50.263,39.4,23.0
545,Dubovka,0,RU,2021-03-23 02:49:25,86,49.0583,44.829,33.8,13.42
546,Waltershausen,74,DE,2021-03-23 02:49:25,82,50.9,10.5667,39.0,4.0
547,Dehloran,100,IR,2021-03-23 02:49:25,46,32.6941,47.2679,68.52,10.29
548,Narrabri,90,AU,2021-03-23 02:49:26,88,-30.3167,149.7833,73.4,17.27
549,Sisimiut,87,GL,2021-03-23 02:49:26,96,66.9395,-53.6735,-2.54,17.49
550,Baherden,100,TM,2021-03-23 02:49:27,76,38.4362,57.4316,48.81,11.05
551,Alta Floresta,93,BR,2021-03-23 02:49:27,96,-9.8756,-56.0861,69.4,3.42
552,Nimaj,2,IN,2021-03-23 02:49:28,27,26.1497,74.0,79.14,7.4
553,Pucallpa,40,PE,2021-03-23 02:49:28,88,-8.3791,-74.5539,77.0,2.3
554,Malanje,98,AO,2021-03-23 02:49:29,97,-9.5402,16.341,63.27,1.77
555,Yeppoon,75,AU,2021-03-23 02:49:29,83,-23.1333,150.7333,80.6,8.05
556,Jackson,90,US,2021-03-23 02:49:29,71,42.4165,-122.8345,48.2,9.22
557,Asau,0,RO,2021-03-23 02:49:30,59,46.4333,26.4,32.0,12.66
558,Henties Bay,26,NA,2021-03-23 02:49:30,92,-22.116,14.2845,63.0,5.01
559,Fukue,20,JP,2021-03-23 02:49:31,38,32.6881,128.8419,59.0,8.05
560,Kemalpasa,75,TR,2021-03-23 02:45:22,93,38.4262,27.4173,51.8,3.44
561,San Cristobal,40,VE,2021-03-23 02:49:31,88,7.7669,-72.225,77.0,4.61
562,Kara,87,TG,2021-03-23 02:49:31,66,9.5511,1.1861,79.61,2.82
563,Carballo,0,ES,2021-03-23 02:49:32,100,43.213,-8.691,50.0,5.75
564,Kasongo-Lunda,89,CD,2021-03-23 02:49:32,98,-6.4667,16.8167,68.9,0.92
565,Venice,1,US,2021-03-23 02:49:32,82,27.0998,-82.4543,66.2,4.61
566,Edd,2,ER,2021-03-23 02:49:33,26,13.9297,41.6925,83.1,7.76
567,Kishapu,62,TZ,2021-03-23 02:49:33,81,-3.6167,33.8667,64.92,3.47
568,Rathdrum,40,US,2021-03-23 02:49:33,86,47.8137,-116.892,36.0,1.81
569,Foz,6,ES,2021-03-23 02:49:34,100,43.5692,-7.2544,42.01,1.99
570,Naze,75,JP,2021-03-23 02:49:34,48,28.3667,129.4833,64.4,10.36
571,Ekhabi,89,RU,2021-03-23 02:49:35,70,53.5102,142.9671,23.0,10.25
572,Marzuq,1,YE,2021-03-23 02:49:35,31,14.4,46.4667,62.47,2.1
573,Berkovica,75,BA,2021-03-23 02:49:35,100,44.6156,18.4294,28.4,1.14
574,Panama City,90,PA,2021-03-23 02:47:39,73,8.9936,-79.5197,78.8,6.91
575,Kondinskoye,81,RU,2021-03-23 02:49:36,92,59.6481,67.41,14.88,9.31
576,Pont-A-Mousson,0,FR,2021-03-23 02:49:37,93,48.9079,6.0589,39.2,6.91
577,Reinosa,53,ES,2021-03-23 02:49:37,95,42.9996,-4.138,41.0,2.37
578,Tarnobrzeg,99,PL,2021-03-23 02:49:37,81,50.573,21.6794,33.01,1.99
579,Nantucket,0,US,2021-03-23 02:45:46,91,41.2835,-70.0995,41.0,7.29
580,Ayagoz,80,KZ,2021-03-23 02:49:38,94,47.9714,80.4392,26.22,5.41
581,Antalaha,25,MG,2021-03-23 02:49:38,91,-14.9003,50.2788,74.93,4.32
582,Mandurah,0,AU,2021-03-23 02:49:39,53,-32.55,115.7,66.99,3.0
583,Marrakesh,0,MA,2021-03-23 02:42:08,76,31.6315,-8.0083,51.8,2.3
